watchlist_type,watchlist_name,exchange_code,stock_symbol
Stocks in Index,S&P 500 stocks,XNAS,MSFT
Stocks in Index,S&P 500 stocks,XNAS,NVDA
Stocks in Index,S&P 500 stocks,XNAS,AAPL
Stocks in Index,S&P 500 stocks,XNAS,AMZN
Stocks in Index,S&P 500 stocks,XNAS,GOOG
Stocks in Index,S&P 500 stocks,XNAS,GOOGL
Stocks in Index,S&P 500 stocks,XNAS,META
Stocks in Index,S&P 500 stocks,XNAS,TSLA
Stocks in Index,S&P 500 stocks,XNYS,BRK.B
Stocks in Index,S&P 500 stocks,XNAS,AVGO
Stocks in Index,S&P 500 stocks,XNYS,WMT
Stocks in Index,S&P 500 stocks,XNYS,JPM
Stocks in Index,S&P 500 stocks,XNYS,V
Stocks in Index,S&P 500 stocks,XNYS,LLY
Stocks in Index,S&P 500 stocks,XNYS,MA
Stocks in Index,S&P 500 stocks,XNAS,NFLX
Stocks in Index,S&P 500 stocks,XNAS,COST
Stocks in Index,S&P 500 stocks,XNYS,XOM
Stocks in Index,S&P 500 stocks,XNYS,ORCL
Stocks in Index,S&P 500 stocks,XNYS,PG
Stocks in Index,S&P 500 stocks,XNYS,JNJ
Stocks in Index,S&P 500 stocks,XNYS,HD
Stocks in Index,S&P 500 stocks,XNYS,BAC
Stocks in Index,S&P 500 stocks,XNYS,ABBV
Stocks in Index,S&P 500 stocks,XNYS,KO
Stocks in Index,S&P 500 stocks,XNYS,PLTR
Stocks in Index,S&P 500 stocks,XNAS,TMUS
Stocks in Index,S&P 500 stocks,XNYS,PM
Stocks in Index,S&P 500 stocks,XNYS,CRM
Stocks in Index,S&P 500 stocks,XNYS,UNH
Stocks in Index,S&P 500 stocks,XNAS,CSCO
Stocks in Index,S&P 500 stocks,XNYS,GE
Stocks in Index,S&P 500 stocks,XNYS,WFC
Stocks in Index,S&P 500 stocks,XNYS,CVX
Stocks in Index,S&P 500 stocks,XNYS,IBM
Stocks in Index,S&P 500 stocks,XNYS,ABT
Stocks in Index,S&P 500 stocks,XNYS,MCD
Stocks in Index,S&P 500 stocks,XNAS,LIN
Stocks in Index,S&P 500 stocks,XNYS,NOW
Stocks in Index,S&P 500 stocks,XNYS,MS
Stocks in Index,S&P 500 stocks,XNYS,AXP
Stocks in Index,S&P 500 stocks,XNYS,DIS
Stocks in Index,S&P 500 stocks,XNYS,ACN
Stocks in Index,S&P 500 stocks,XNYS,T
Stocks in Index,S&P 500 stocks,XNYS,MRK
Stocks in Index,S&P 500 stocks,XNAS,ISRG
Stocks in Index,S&P 500 stocks,XNAS,INTU
Stocks in Index,S&P 500 stocks,XNYS,UBER
Stocks in Index,S&P 500 stocks,XNYS,VZ
Stocks in Index,S&P 500 stocks,XNAS,AMD
Stocks in Index,S&P 500 stocks,XNYS,RTX
Stocks in Index,S&P 500 stocks,XNAS,PEP
Stocks in Index,S&P 500 stocks,XNAS,ADBE
Stocks in Index,S&P 500 stocks,XNYS,GS
Stocks in Index,S&P 500 stocks,XNAS,BKNG
Stocks in Index,S&P 500 stocks,XNYS,BX
Stocks in Index,S&P 500 stocks,XNAS,TXN
Stocks in Index,S&P 500 stocks,XNYS,PGR
Stocks in Index,S&P 500 stocks,XNYS,CAT
Stocks in Index,S&P 500 stocks,XNAS,QCOM
Stocks in Index,S&P 500 stocks,XNYS,SCHW
Stocks in Index,S&P 500 stocks,XNYS,SPGI
Stocks in Index,S&P 500 stocks,XNYS,BSX
Stocks in Index,S&P 500 stocks,XNYS,BA
Stocks in Index,S&P 500 stocks,XNYS,TMO
Stocks in Index,S&P 500 stocks,XNYS,BLK
Stocks in Index,S&P 500 stocks,XNAS,AMGN
Stocks in Index,S&P 500 stocks,XNYS,TJX
Stocks in Index,S&P 500 stocks,XNYS,SYK
Stocks in Index,S&P 500 stocks,XNAS,HON
Stocks in Index,S&P 500 stocks,XNYS,DE
Stocks in Index,S&P 500 stocks,XNYS,NEE
Stocks in Index,S&P 500 stocks,XNYS,C
Stocks in Index,S&P 500 stocks,XNYS,DHR
Stocks in Index,S&P 500 stocks,XNYS,UNP
Stocks in Index,S&P 500 stocks,XNAS,GILD
Stocks in Index,S&P 500 stocks,XNYS,PFE
Stocks in Index,S&P 500 stocks,XNAS,ADP
Stocks in Index,S&P 500 stocks,XNAS,AMAT
Stocks in Index,S&P 500 stocks,XNAS,CMCSA
Stocks in Index,S&P 500 stocks,XNYS,ETN
Stocks in Index,S&P 500 stocks,XNYS,LOW
Stocks in Index,S&P 500 stocks,XNYS,GEV
Stocks in Index,S&P 500 stocks,XNAS,PANW
Stocks in Index,S&P 500 stocks,XNYS,ANET
Stocks in Index,S&P 500 stocks,XNYS,CB
Stocks in Index,S&P 500 stocks,XNYS,MMC
Stocks in Index,S&P 500 stocks,XNAS,VRTX
Stocks in Index,S&P 500 stocks,XNAS,CRWD
Stocks in Index,S&P 500 stocks,XNYS,LMT
Stocks in Index,S&P 500 stocks,XNYS,COP
Stocks in Index,S&P 500 stocks,XNAS,MU
Stocks in Index,S&P 500 stocks,XNAS,LRCX
Stocks in Index,S&P 500 stocks,XNYS,KKR
Stocks in Index,S&P 500 stocks,XNAS,ADI
Stocks in Index,S&P 500 stocks,XNYS,MDT
Stocks in Index,S&P 500 stocks,XNYS,APH
Stocks in Index,S&P 500 stocks,XNAS,CME
Stocks in Index,S&P 500 stocks,XNAS,KLAC
Stocks in Index,S&P 500 stocks,XNYS,MO
Stocks in Index,S&P 500 stocks,XNYS,ICE
Stocks in Index,S&P 500 stocks,XNYS,PLD
Stocks in Index,S&P 500 stocks,XNYS,AMT
Stocks in Index,S&P 500 stocks,XNYS,SO
Stocks in Index,S&P 500 stocks,XNYS,WELL
Stocks in Index,S&P 500 stocks,XNYS,BMY
Stocks in Index,S&P 500 stocks,XNAS,SBUX
Stocks in Index,S&P 500 stocks,XNYS,TT
Stocks in Index,S&P 500 stocks,XNYS,WM
Stocks in Index,S&P 500 stocks,XNAS,CEG
Stocks in Index,S&P 500 stocks,XNYS,HCA
Stocks in Index,S&P 500 stocks,XNYS,NKE
Stocks in Index,S&P 500 stocks,XNYS,DUK
Stocks in Index,S&P 500 stocks,XNAS,INTC
Stocks in Index,S&P 500 stocks,XNAS,CTAS
Stocks in Index,S&P 500 stocks,XNYS,FI
Stocks in Index,S&P 500 stocks,XNYS,MCK
Stocks in Index,S&P 500 stocks,XNYS,SHW
Stocks in Index,S&P 500 stocks,XNYS,ELV
Stocks in Index,S&P 500 stocks,XNAS,CDNS
Stocks in Index,S&P 500 stocks,XNYS,AJG
Stocks in Index,S&P 500 stocks,XNAS,DASH
Stocks in Index,S&P 500 stocks,XNYS,MCO
Stocks in Index,S&P 500 stocks,XNAS,MDLZ
Stocks in Index,S&P 500 stocks,XNAS,EQIX
Stocks in Index,S&P 500 stocks,XNYS,PH
Stocks in Index,S&P 500 stocks,XNYS,CI
Stocks in Index,S&P 500 stocks,XNYS,UPS
Stocks in Index,S&P 500 stocks,XNYS,MMM
Stocks in Index,S&P 500 stocks,XNAS,FTNT
Stocks in Index,S&P 500 stocks,XNYS,TDG
Stocks in Index,S&P 500 stocks,XNAS,ABNB
Stocks in Index,S&P 500 stocks,XNYS,RSG
Stocks in Index,S&P 500 stocks,XNAS,SNPS
Stocks in Index,S&P 500 stocks,XNAS,ORLY
Stocks in Index,S&P 500 stocks,XNYS,AON
Stocks in Index,S&P 500 stocks,XNYS,DELL
Stocks in Index,S&P 500 stocks,XNYS,CVS
Stocks in Index,S&P 500 stocks,XNYS,APO
Stocks in Index,S&P 500 stocks,XNYS,GD
Stocks in Index,S&P 500 stocks,XNYS,CL
Stocks in Index,S&P 500 stocks,XNYS,ECL
Stocks in Index,S&P 500 stocks,XNAS,WDAY
Stocks in Index,S&P 500 stocks,XNYS,COF
Stocks in Index,S&P 500 stocks,XNYS,ZTS
Stocks in Index,S&P 500 stocks,XNYS,ITW
Stocks in Index,S&P 500 stocks,XNAS,MAR
Stocks in Index,S&P 500 stocks,XNYS,WMB
Stocks in Index,S&P 500 stocks,XNYS,MSI
Stocks in Index,S&P 500 stocks,XNAS,PYPL
Stocks in Index,S&P 500 stocks,XNAS,COIN
Stocks in Index,S&P 500 stocks,XNYS,PNC
Stocks in Index,S&P 500 stocks,XNYS,CMG
Stocks in Index,S&P 500 stocks,XNYS,NOC
Stocks in Index,S&P 500 stocks,XNYS,USB
Stocks in Index,S&P 500 stocks,XNYS,EMR
Stocks in Index,S&P 500 stocks,XNYS,HWM
Stocks in Index,S&P 500 stocks,XNYS,RCL
Stocks in Index,S&P 500 stocks,XNYS,AZO
Stocks in Index,S&P 500 stocks,XNYS,JCI
Stocks in Index,S&P 500 stocks,XNYS,BK
Stocks in Index,S&P 500 stocks,XNAS,CHTR
Stocks in Index,S&P 500 stocks,XNAS,ADSK
Stocks in Index,S&P 500 stocks,XNAS,REGN
Stocks in Index,S&P 500 stocks,XNYS,CARR
Stocks in Index,S&P 500 stocks,XNYS,TRV
Stocks in Index,S&P 500 stocks,XNAS,MNST
Stocks in Index,S&P 500 stocks,XNAS,ROP
Stocks in Index,S&P 500 stocks,XNYS,KMI
Stocks in Index,S&P 500 stocks,XNYS,EOG
Stocks in Index,S&P 500 stocks,XNYS,APD
Stocks in Index,S&P 500 stocks,XNYS,SPG
Stocks in Index,S&P 500 stocks,XNYS,HLT
Stocks in Index,S&P 500 stocks,XNAS,CPRT
Stocks in Index,S&P 500 stocks,XNYS,NEM
Stocks in Index,S&P 500 stocks,XNYS,DLR
Stocks in Index,S&P 500 stocks,XNAS,CSX
Stocks in Index,S&P 500 stocks,XNAS,AXON
Stocks in Index,S&P 500 stocks,XNAS,PAYX
Stocks in Index,S&P 500 stocks,XNYS,COR
Stocks in Index,S&P 500 stocks,XNYS,AFL
Stocks in Index,S&P 500 stocks,XNAS,AEP
Stocks in Index,S&P 500 stocks,XNYS,FCX
Stocks in Index,S&P 500 stocks,XNYS,NSC
Stocks in Index,S&P 500 stocks,XNYS,ALL
Stocks in Index,S&P 500 stocks,XNYS,VST
Stocks in Index,S&P 500 stocks,XNYS,FDX
Stocks in Index,S&P 500 stocks,XNYS,MET
Stocks in Index,S&P 500 stocks,XNYS,PSA
Stocks in Index,S&P 500 stocks,XNYS,GWW
Stocks in Index,S&P 500 stocks,XNYS,TFC
Stocks in Index,S&P 500 stocks,XNYS,OKE
Stocks in Index,S&P 500 stocks,XNAS,ROST
Stocks in Index,S&P 500 stocks,XNYS,SRE
Stocks in Index,S&P 500 stocks,XNYS,O
Stocks in Index,S&P 500 stocks,XNAS,NXPI
Stocks in Index,S&P 500 stocks,XNAS,PCAR
Stocks in Index,S&P 500 stocks,XNYS,BDX
Stocks in Index,S&P 500 stocks,XNYS,PWR
Stocks in Index,S&P 500 stocks,XNYS,MPC
Stocks in Index,S&P 500 stocks,XNYS,AMP
Stocks in Index,S&P 500 stocks,XNYS,D
Stocks in Index,S&P 500 stocks,XNYS,GM
Stocks in Index,S&P 500 stocks,XNYS,AIG
Stocks in Index,S&P 500 stocks,XNYS,TEL
Stocks in Index,S&P 500 stocks,XNYS,CTVA
Stocks in Index,S&P 500 stocks,XNAS,FAST
Stocks in Index,S&P 500 stocks,XNAS,NDAQ
Stocks in Index,S&P 500 stocks,XNYS,KMB
Stocks in Index,S&P 500 stocks,XNYS,PSX
Stocks in Index,S&P 500 stocks,XNYS,SLB
Stocks in Index,S&P 500 stocks,XNYS,URI
Stocks in Index,S&P 500 stocks,XNYS,KR
Stocks in Index,S&P 500 stocks,XNYS,KVUE
Stocks in Index,S&P 500 stocks,XNAS,KDP
Stocks in Index,S&P 500 stocks,XNYS,LHX
Stocks in Index,S&P 500 stocks,XNYS,CMI
Stocks in Index,S&P 500 stocks,XNAS,VRSK
Stocks in Index,S&P 500 stocks,XNYS,EW
Stocks in Index,S&P 500 stocks,XNAS,EXC
Stocks in Index,S&P 500 stocks,XNYS,MSCI
Stocks in Index,S&P 500 stocks,XNYS,CCI
Stocks in Index,S&P 500 stocks,XNYS,TGT
Stocks in Index,S&P 500 stocks,XNYS,GLW
Stocks in Index,S&P 500 stocks,XNYS,F
Stocks in Index,S&P 500 stocks,XNYS,FICO
Stocks in Index,S&P 500 stocks,XNYS,AME
Stocks in Index,S&P 500 stocks,XNYS,FIS
Stocks in Index,S&P 500 stocks,XNAS,IDXX
Stocks in Index,S&P 500 stocks,XNYS,YUM
Stocks in Index,S&P 500 stocks,XNYS,OXY
Stocks in Index,S&P 500 stocks,XNYS,VLO
Stocks in Index,S&P 500 stocks,XNAS,TTWO
Stocks in Index,S&P 500 stocks,XNYS,HES
Stocks in Index,S&P 500 stocks,XNAS,XEL
Stocks in Index,S&P 500 stocks,XNAS,FANG
Stocks in Index,S&P 500 stocks,XNAS,CTSH
Stocks in Index,S&P 500 stocks,XNYS,GRMN
Stocks in Index,S&P 500 stocks,XNYS,PEG
Stocks in Index,S&P 500 stocks,XNAS,LULU
Stocks in Index,S&P 500 stocks,XNYS,OTIS
Stocks in Index,S&P 500 stocks,XNYS,PCG
Stocks in Index,S&P 500 stocks,XNYS,ED
Stocks in Index,S&P 500 stocks,XNAS,EA
Stocks in Index,S&P 500 stocks,XNYS,HIG
Stocks in Index,S&P 500 stocks,XNYS,DHI
Stocks in Index,S&P 500 stocks,XNYS,CAH
Stocks in Index,S&P 500 stocks,XNAS,BKR
Stocks in Index,S&P 500 stocks,XNYS,PRU
Stocks in Index,S&P 500 stocks,XNYS,RMD
Stocks in Index,S&P 500 stocks,XNYS,VMC
Stocks in Index,S&P 500 stocks,XNYS,CBRE
Stocks in Index,S&P 500 stocks,XNYS,ETR
Stocks in Index,S&P 500 stocks,XNYS,SYY
Stocks in Index,S&P 500 stocks,XNAS,ODFL
Stocks in Index,S&P 500 stocks,XNYS,ROK
Stocks in Index,S&P 500 stocks,XNYS,TRGP
Stocks in Index,S&P 500 stocks,XNAS,ACGL
Stocks in Index,S&P 500 stocks,XNYS,WAB
Stocks in Index,S&P 500 stocks,XNYS,IT
Stocks in Index,S&P 500 stocks,XNYS,MLM
Stocks in Index,S&P 500 stocks,XNYS,WEC
Stocks in Index,S&P 500 stocks,XNYS,LYV
Stocks in Index,S&P 500 stocks,XNYS,EQT
Stocks in Index,S&P 500 stocks,XNAS,DXCM
Stocks in Index,S&P 500 stocks,XNAS,EBAY
Stocks in Index,S&P 500 stocks,XNYS,VICI
Stocks in Index,S&P 500 stocks,XNYS,STZ
Stocks in Index,S&P 500 stocks,XNYS,IR
Stocks in Index,S&P 500 stocks,XNYS,EFX
Stocks in Index,S&P 500 stocks,XNAS,MPWR
Stocks in Index,S&P 500 stocks,XNYS,EXR
Stocks in Index,S&P 500 stocks,XNAS,GEHC
Stocks in Index,S&P 500 stocks,XNYS,DAL
Stocks in Index,S&P 500 stocks,XNYS,BRO
Stocks in Index,S&P 500 stocks,XNAS,KHC
Stocks in Index,S&P 500 stocks,XNAS,CSGP
Stocks in Index,S&P 500 stocks,XNAS,MCHP
Stocks in Index,S&P 500 stocks,XNYS,A
Stocks in Index,S&P 500 stocks,XNYS,HSY
Stocks in Index,S&P 500 stocks,XNYS,TKO
Stocks in Index,S&P 500 stocks,XNAS,WTW
Stocks in Index,S&P 500 stocks,XNYS,XYL
Stocks in Index,S&P 500 stocks,XNYS,NRG
Stocks in Index,S&P 500 stocks,XNAS,ANSS
Stocks in Index,S&P 500 stocks,XNYS,RJF
Stocks in Index,S&P 500 stocks,XNYS,CCL
Stocks in Index,S&P 500 stocks,XNYS,TPL
Stocks in Index,S&P 500 stocks,XNYS,GIS
Stocks in Index,S&P 500 stocks,XNYS,MTB
Stocks in Index,S&P 500 stocks,XNYS,VTR
Stocks in Index,S&P 500 stocks,XNYS,CNC
Stocks in Index,S&P 500 stocks,XNYS,K
Stocks in Index,S&P 500 stocks,XNYS,DD
Stocks in Index,S&P 500 stocks,XNYS,AVB
Stocks in Index,S&P 500 stocks,XNYS,LVS
Stocks in Index,S&P 500 stocks,XNYS,IRM
Stocks in Index,S&P 500 stocks,XNYS,BR
Stocks in Index,S&P 500 stocks,XNYS,DTE
Stocks in Index,S&P 500 stocks,XNYS,KEYS
Stocks in Index,S&P 500 stocks,XNYS,LEN
Stocks in Index,S&P 500 stocks,XNYS,AWK
Stocks in Index,S&P 500 stocks,XNYS,ROL
Stocks in Index,S&P 500 stocks,XNYS,STT
Stocks in Index,S&P 500 stocks,XNYS,HUM
Stocks in Index,S&P 500 stocks,XNYS,WRB
Stocks in Index,S&P 500 stocks,,EXE
Stocks in Index,S&P 500 stocks,XNYS,HPQ
Stocks in Index,S&P 500 stocks,XNYS,EQR
Stocks in Index,S&P 500 stocks,XNAS,VRSN
Stocks in Index,S&P 500 stocks,XNAS,TSCO
Stocks in Index,S&P 500 stocks,XNYS,GDDY
Stocks in Index,S&P 500 stocks,XNYS,AEE
Stocks in Index,S&P 500 stocks,XNYS,IP
Stocks in Index,S&P 500 stocks,XNYS,NUE
Stocks in Index,S&P 500 stocks,XNYS,PPL
Stocks in Index,S&P 500 stocks,XNYS,PPG
Stocks in Index,S&P 500 stocks,XNAS,FITB
Stocks in Index,S&P 500 stocks,XNYS,VLTO
Stocks in Index,S&P 500 stocks,XNAS,UAL
Stocks in Index,S&P 500 stocks,XNAS,FOXA
Stocks in Index,S&P 500 stocks,XNYS,ATO
Stocks in Index,S&P 500 stocks,XNAS,SMCI
Stocks in Index,S&P 500 stocks,XNYS,DOV
Stocks in Index,S&P 500 stocks,XNAS,SBAC
Stocks in Index,S&P 500 stocks,XNYS,TYL
Stocks in Index,S&P 500 stocks,XNYS,CNP
Stocks in Index,S&P 500 stocks,XNYS,FE
Stocks in Index,S&P 500 stocks,XNAS,CDW
Stocks in Index,S&P 500 stocks,XNYS,STE
Stocks in Index,S&P 500 stocks,BATS,CBOE
Stocks in Index,S&P 500 stocks,XNYS,IQV
Stocks in Index,S&P 500 stocks,XNYS,DRI
Stocks in Index,S&P 500 stocks,XNYS,FTV
Stocks in Index,S&P 500 stocks,XNAS,FOX
Stocks in Index,S&P 500 stocks,XNYS,MTD
Stocks in Index,S&P 500 stocks,XNYS,CHD
Stocks in Index,S&P 500 stocks,XNYS,EL
Stocks in Index,S&P 500 stocks,XNYS,ES
Stocks in Index,S&P 500 stocks,XNYS,SW
Stocks in Index,S&P 500 stocks,XNAS,STX
Stocks in Index,S&P 500 stocks,XNYS,HPE
Stocks in Index,S&P 500 stocks,XNYS,ADM
Stocks in Index,S&P 500 stocks,XNYS,CPAY
Stocks in Index,S&P 500 stocks,XNYS,TDY
Stocks in Index,S&P 500 stocks,XNAS,CINF
Stocks in Index,S&P 500 stocks,XNAS,PODD
Stocks in Index,S&P 500 stocks,XNAS,HBAN
Stocks in Index,S&P 500 stocks,XNAS,WBD
Stocks in Index,S&P 500 stocks,XNYS,DG
Stocks in Index,S&P 500 stocks,XNYS,SYF
Stocks in Index,S&P 500 stocks,XNYS,EIX
Stocks in Index,S&P 500 stocks,XNYS,NVR
Stocks in Index,S&P 500 stocks,XNAS,TROW
Stocks in Index,S&P 500 stocks,XNYS,HUBB
Stocks in Index,S&P 500 stocks,XNYS,CMS
Stocks in Index,S&P 500 stocks,XNYS,WAT
Stocks in Index,S&P 500 stocks,XNYS,AMCR
Stocks in Index,S&P 500 stocks,XNAS,NTRS
Stocks in Index,S&P 500 stocks,XNAS,PTC
Stocks in Index,S&P 500 stocks,XNAS,EXPE
Stocks in Index,S&P 500 stocks,XNYS,LII
Stocks in Index,S&P 500 stocks,XNYS,LDOS
Stocks in Index,S&P 500 stocks,XNYS,INVH
Stocks in Index,S&P 500 stocks,XNAS,NTAP
Stocks in Index,S&P 500 stocks,XNYS,DOW
Stocks in Index,S&P 500 stocks,XNYS,LH
Stocks in Index,S&P 500 stocks,XNYS,DVN
Stocks in Index,S&P 500 stocks,XNYS,TSN
Stocks in Index,S&P 500 stocks,XNYS,PHM
Stocks in Index,S&P 500 stocks,XNYS,WSM
Stocks in Index,S&P 500 stocks,XNYS,IFF
Stocks in Index,S&P 500 stocks,XNAS,STLD
Stocks in Index,S&P 500 stocks,XNYS,RF
Stocks in Index,S&P 500 stocks,XNYS,DECK
Stocks in Index,S&P 500 stocks,XNYS,MKC
Stocks in Index,S&P 500 stocks,XNYS,DGX
Stocks in Index,S&P 500 stocks,XNAS,DLTR
Stocks in Index,S&P 500 stocks,XNYS,CTRA
Stocks in Index,S&P 500 stocks,XNYS,MAA
Stocks in Index,S&P 500 stocks,XNAS,ULTA
Stocks in Index,S&P 500 stocks,XNAS,BIIB
Stocks in Index,S&P 500 stocks,XNYS,GPN
Stocks in Index,S&P 500 stocks,XNYS,L
Stocks in Index,S&P 500 stocks,XNYS,WY
Stocks in Index,S&P 500 stocks,XNAS,ERIE
Stocks in Index,S&P 500 stocks,XNYS,ESS
Stocks in Index,S&P 500 stocks,XNYS,ZBH
Stocks in Index,S&P 500 stocks,XNYS,NI
Stocks in Index,S&P 500 stocks,XNYS,LYB
Stocks in Index,S&P 500 stocks,XNYS,LUV
Stocks in Index,S&P 500 stocks,XNYS,JBL
Stocks in Index,S&P 500 stocks,XNAS,ON
Stocks in Index,S&P 500 stocks,XNYS,GPC
Stocks in Index,S&P 500 stocks,XNYS,FDS
Stocks in Index,S&P 500 stocks,XNAS,WDC
Stocks in Index,S&P 500 stocks,XNAS,PFG
Stocks in Index,S&P 500 stocks,XNYS,CFG
Stocks in Index,S&P 500 stocks,XNAS,GEN
Stocks in Index,S&P 500 stocks,XNYS,PKG
Stocks in Index,S&P 500 stocks,XNYS,KEY
Stocks in Index,S&P 500 stocks,XNYS,HAL
Stocks in Index,S&P 500 stocks,XNAS,TRMB
Stocks in Index,S&P 500 stocks,XNYS,SNA
Stocks in Index,S&P 500 stocks,XNYS,MOH
Stocks in Index,S&P 500 stocks,XNAS,FSLR
Stocks in Index,S&P 500 stocks,XNYS,RL
Stocks in Index,S&P 500 stocks,XNYS,DPZ
Stocks in Index,S&P 500 stocks,XNAS,NWS
Stocks in Index,S&P 500 stocks,XNYS,TPR
Stocks in Index,S&P 500 stocks,XNAS,FFIV
Stocks in Index,S&P 500 stocks,XNYS,HRL
Stocks in Index,S&P 500 stocks,XNYS,BF.B
Stocks in Index,S&P 500 stocks,XNYS,CLX
Stocks in Index,S&P 500 stocks,XNYS,PNR
Stocks in Index,S&P 500 stocks,XNAS,COO
Stocks in Index,S&P 500 stocks,XNAS,LNT
Stocks in Index,S&P 500 stocks,XNAS,NWSA
Stocks in Index,S&P 500 stocks,XNYS,EXPD
Stocks in Index,S&P 500 stocks,XNYS,BAX
Stocks in Index,S&P 500 stocks,XNYS,J
Stocks in Index,S&P 500 stocks,XNAS,EVRG
Stocks in Index,S&P 500 stocks,XNYS,WST
Stocks in Index,S&P 500 stocks,XNYS,BBY
Stocks in Index,S&P 500 stocks,XNYS,BALL
Stocks in Index,S&P 500 stocks,XNAS,ZBRA
Stocks in Index,S&P 500 stocks,XNYS,PAYC
Stocks in Index,S&P 500 stocks,XNYS,APTV
Stocks in Index,S&P 500 stocks,XNYS,CF
Stocks in Index,S&P 500 stocks,XNYS,EG
Stocks in Index,S&P 500 stocks,XNYS,OMC
Stocks in Index,S&P 500 stocks,XNYS,UDR
Stocks in Index,S&P 500 stocks,XNYS,AVY
Stocks in Index,S&P 500 stocks,XNYS,KIM
Stocks in Index,S&P 500 stocks,XNAS,JBHT
Stocks in Index,S&P 500 stocks,XNYS,IEX
Stocks in Index,S&P 500 stocks,XNYS,MAS
Stocks in Index,S&P 500 stocks,XNYS,TXT
Stocks in Index,S&P 500 stocks,XNAS,JKHY
Stocks in Index,S&P 500 stocks,XNAS,REG
Stocks in Index,S&P 500 stocks,XNYS,CPT
Stocks in Index,S&P 500 stocks,XNAS,TER
Stocks in Index,S&P 500 stocks,XNYS,SOLV
Stocks in Index,S&P 500 stocks,XNAS,ALGN
Stocks in Index,S&P 500 stocks,XNAS,INCY
Stocks in Index,S&P 500 stocks,XNYS,ALLE
Stocks in Index,S&P 500 stocks,XNAS,HOLX
Stocks in Index,S&P 500 stocks,XNYS,BLDR
Stocks in Index,S&P 500 stocks,XNYS,UHS
Stocks in Index,S&P 500 stocks,XNYS,JNPR
Stocks in Index,S&P 500 stocks,XNYS,SJM
Stocks in Index,S&P 500 stocks,XNYS,DOC
Stocks in Index,S&P 500 stocks,XNYS,ARE
Stocks in Index,S&P 500 stocks,XNAS,CHRW
Stocks in Index,S&P 500 stocks,XNYS,BXP
Stocks in Index,S&P 500 stocks,XNAS,POOL
Stocks in Index,S&P 500 stocks,XNYS,BEN
Stocks in Index,S&P 500 stocks,XNAS,AKAM
Stocks in Index,S&P 500 stocks,XNAS,NDSN
Stocks in Index,S&P 500 stocks,XNYS,MOS
Stocks in Index,S&P 500 stocks,XNYS,TAP
Stocks in Index,S&P 500 stocks,XNYS,PNW
Stocks in Index,S&P 500 stocks,XNYS,RVTY
Stocks in Index,S&P 500 stocks,XNYS,CAG
Stocks in Index,S&P 500 stocks,XNAS,SWKS
Stocks in Index,S&P 500 stocks,XNYS,DVA
Stocks in Index,S&P 500 stocks,XNAS,LKQ
Stocks in Index,S&P 500 stocks,XNYS,BG
Stocks in Index,S&P 500 stocks,XNAS,HST
Stocks in Index,S&P 500 stocks,XNAS,MRNA
Stocks in Index,S&P 500 stocks,XNYS,SWK
Stocks in Index,S&P 500 stocks,XNYS,EPAM
Stocks in Index,S&P 500 stocks,XNAS,CPB
Stocks in Index,S&P 500 stocks,XNAS,VTRS
Stocks in Index,S&P 500 stocks,XNYS,GL
Stocks in Index,S&P 500 stocks,XNYS,AIZ
Stocks in Index,S&P 500 stocks,XNAS,WBA
Stocks in Index,S&P 500 stocks,XNYS,KMX
Stocks in Index,S&P 500 stocks,XNYS,AOS
Stocks in Index,S&P 500 stocks,XNAS,WYNN
Stocks in Index,S&P 500 stocks,XNYS,EMN
Stocks in Index,S&P 500 stocks,XNYS,DAY
Stocks in Index,S&P 500 stocks,XNAS,HAS
Stocks in Index,S&P 500 stocks,XNYS,IPG
Stocks in Index,S&P 500 stocks,XNYS,HII
Stocks in Index,S&P 500 stocks,XNAS,HSIC
Stocks in Index,S&P 500 stocks,XNYS,MGM
Stocks in Index,S&P 500 stocks,XNYS,FRT
Stocks in Index,S&P 500 stocks,XNAS,MKTX
Stocks in Index,S&P 500 stocks,XNAS,PARA
Stocks in Index,S&P 500 stocks,XNYS,NCLH
Stocks in Index,S&P 500 stocks,XNAS,TECH
Stocks in Index,S&P 500 stocks,XNYS,GNRC
Stocks in Index,S&P 500 stocks,XNAS,MTCH
Stocks in Index,S&P 500 stocks,XNYS,LW
Stocks in Index,S&P 500 stocks,XNYS,AES
Stocks in Index,S&P 500 stocks,XNYS,ALB
Stocks in Index,S&P 500 stocks,XNYS,CRL
Stocks in Index,S&P 500 stocks,XNYS,IVZ
Stocks in Index,S&P 500 stocks,XNYS,MHK
Stocks in Index,S&P 500 stocks,XNAS,APA
Stocks in Index,S&P 500 stocks,XNAS,CZR
Stocks in Index,S&P 500 stocks,XNAS,ENPH
